rating out of 5,date
5,"Apr 28, 2022"
5,"Apr 28, 2022"
5,"Apr 28, 2022"
5,"Apr 28, 2022"
5,"Apr 28, 2022"
5,"Apr 28, 2022"
5,"Apr 28, 2022"
5,"Apr 28, 2022"
5,"Apr 28, 2022"
5,"Apr 28, 2022"
5,"Apr 28, 2022"
5,"Apr 28, 2022"
5,"Apr 27, 2022"
5,"Apr 27, 2022"
5,"Apr 27, 2022"
4,"Apr 27, 2022"
5,"Apr 27, 2022"
5,"Apr 27, 2022"
5,"Apr 27, 2022"
5,"Apr 27, 2022"
5,"Apr 27, 2022"
5,"Apr 27, 2022"
5,"Apr 27, 2022"
5,"Apr 27, 2022"
5,"Apr 27, 2022"
5,"Apr 27, 2022"
5,"Apr 27, 2022"
5,"Apr 27, 2022"
5,"Apr 27, 2022"
5,"Apr 27, 2022"
5,"Apr 27, 2022"
5,"Apr 27, 2022"
5,"Apr 27, 2022"
5,"Apr 27, 2022"
1,"Apr 27, 2022"
5,"Apr 27, 2022"
5,"Apr 27, 2022"
5,"Apr 27, 2022"
1,"Apr 27, 2022"
5,"Apr 26, 2022"
5,"Apr 26, 2022"
5,"Apr 26, 2022"
5,"Apr 26, 2022"
5,"Apr 26, 2022"
5,"Apr 26, 2022"
5,"Apr 26, 2022"
5,"Apr 26, 2022"
5,"Apr 26, 2022"
1,"Apr 26, 2022"
5,"Apr 26, 2022"
5,"Apr 26, 2022"
5,"Apr 26, 2022"
5,"Apr 26, 2022"
5,"Apr 26, 2022"
5,"Apr 26, 2022"
5,"Apr 26, 2022"
5,"Apr 26, 2022"
5,"Apr 26, 2022"
5,"Apr 25, 2022"
5,"Apr 25, 2022"
5,"Apr 25, 2022"
5,"Apr 25, 2022"
5,"Apr 25, 2022"
5,"Apr 25, 2022"
4,"Apr 25, 2022"
5,"Apr 25, 2022"
5,"Apr 25, 2022"
5,"Apr 25, 2022"
5,"Apr 25, 2022"
5,"Apr 25, 2022"
1,"Apr 25, 2022"
5,"Apr 25, 2022"
5,"Apr 25, 2022"
5,"Apr 25, 2022"
5,"Apr 25, 2022"
5,"Apr 25, 2022"
5,"Apr 25, 2022"
5,"Apr 25, 2022"
5,"Apr 24, 2022"
5,"Apr 24, 2022"
5,"Apr 24, 2022"
5,"Apr 24, 2022"
5,"Apr 24, 2022"
5,"Apr 24, 2022"
5,"Apr 24, 2022"
5,"Apr 23, 2022"
5,"Apr 23, 2022"
5,"Apr 23, 2022"
5,"Apr 23, 2022"
5,"Apr 23, 2022"
5,"Apr 23, 2022"
5,"Apr 23, 2022"
5,"Apr 23, 2022"
5,"Apr 23, 2022"
5,"Apr 22, 2022"
5,"Apr 22, 2022"
5,"Apr 22, 2022"
5,"Apr 22, 2022"
5,"Apr 22, 2022"
5,"Apr 22, 2022"
5,"Apr 22, 2022"
5,"Apr 22, 2022"
5,"Apr 22, 2022"
5,"Apr 22, 2022"
5,"Apr 22, 2022"
5,"Apr 22, 2022"
5,"Apr 22, 2022"
5,"Apr 22, 2022"
5,"Apr 22, 2022"
5,"Apr 22, 2022"
5,"Apr 22, 2022"
5,"Apr 22, 2022"
5,"Apr 22, 2022"
4,"Apr 22, 2022"
5,"Apr 22, 2022"
5,"Apr 22, 2022"
4,"Apr 22, 2022"
5,"Apr 22, 2022"
5,"Apr 22, 2022"
5,"Apr 22, 2022"
5,"Apr 21, 2022"
4,"Apr 21, 2022"
1,"Apr 21, 2022"
5,"Apr 21, 2022"
5,"Apr 21, 2022"
5,"Apr 21, 2022"
5,"Apr 21, 2022"
5,"Apr 21, 2022"
5,"Apr 21, 2022"
4,"Apr 21, 2022"
5,"Apr 21, 2022"
5,"Apr 21, 2022"
5,"Apr 21, 2022"
5,"Apr 21, 2022"
5,"Apr 21, 2022"
5,"Apr 21, 2022"
5,"Apr 21, 2022"
5,"Apr 21, 2022"
5,"Apr 21, 2022"
5,"Apr 21, 2022"
5,"Apr 21, 2022"
5,"Apr 21, 2022"
5,"Apr 21, 2022"
5,"Apr 21, 2022"
5,"Apr 21, 2022"
5,"Apr 21, 2022"
5,"Apr 21, 2022"
5,"Apr 20, 2022"
5,"Apr 20, 2022"
5,"Apr 20, 2022"
5,"Apr 20, 2022"
5,"Apr 20, 2022"
5,"Apr 20, 2022"
5,"Apr 20, 2022"
5,"Apr 20, 2022"
5,"Apr 20, 2022"
5,"Apr 20, 2022"
5,"Apr 20, 2022"
4,"Apr 20, 2022"
5,"Apr 20, 2022"
5,"Apr 20, 2022"
5,"Apr 20, 2022"
5,"Apr 20, 2022"
5,"Apr 20, 2022"
5,"Apr 20, 2022"
5,"Apr 20, 2022"
5,"Apr 20, 2022"
5,"Apr 20, 2022"
5,"Apr 20, 2022"
5,"Apr 20, 2022"
5,"Apr 20, 2022"
5,"Apr 20, 2022"
5,"Apr 20, 2022"
5,"Apr 20, 2022"
5,"Apr 20, 2022"
5,"Apr 20, 2022"
5,"Apr 20, 2022"
5,"Apr 20, 2022"
5,"Apr 20, 2022"
5,"Apr 19, 2022"
5,"Apr 19, 2022"
5,"Apr 19, 2022"
5,"Apr 19, 2022"
5,"Apr 19, 2022"
5,"Apr 19, 2022"
5,"Apr 19, 2022"
5,"Apr 19, 2022"
5,"Apr 19, 2022"
5,"Apr 19, 2022"
5,"Apr 19, 2022"
5,"Apr 19, 2022"
5,"Apr 19, 2022"
5,"Apr 19, 2022"
5,"Apr 19, 2022"
5,"Apr 19, 2022"
5,"Apr 19, 2022"
5,"Apr 19, 2022"
5,"Apr 19, 2022"
5,"Apr 19, 2022"
5,"Apr 19, 2022"
5,"Apr 19, 2022"
5,"Apr 19, 2022"
5,"Apr 19, 2022"
5,"Apr 19, 2022"
5,"Apr 19, 2022"
5,"Apr 18, 2022"
5,"Apr 18, 2022"
5,"Apr 18, 2022"
5,"Apr 18, 2022"
5,"Apr 18, 2022"
5,"Apr 18, 2022"
5,"Apr 18, 2022"
5,"Apr 18, 2022"
5,"Apr 18, 2022"
5,"Apr 18, 2022"
5,"Apr 18, 2022"
5,"Apr 18, 2022"
5,"Apr 18, 2022"
5,"Apr 18, 2022"
5,"Apr 18, 2022"
5,"Apr 18, 2022"
5,"Apr 18, 2022"
5,"Apr 18, 2022"
5,"Apr 18, 2022"
5,"Apr 18, 2022"
5,"Apr 18, 2022"
5,"Apr 18, 2022"
5,"Apr 18, 2022"
5,"Apr 18, 2022"
5,"Apr 18, 2022"
5,"Apr 18, 2022"
5,"Apr 18, 2022"
5,"Apr 18, 2022"
5,"Apr 17, 2022"
5,"Apr 17, 2022"
5,"Apr 17, 2022"
5,"Apr 17, 2022"
5,"Apr 17, 2022"
5,"Apr 17, 2022"
5,"Apr 17, 2022"
5,"Apr 17, 2022"
5,"Apr 17, 2022"
5,"Apr 17, 2022"
5,"Apr 17, 2022"
5,"Apr 17, 2022"
5,"Apr 17, 2022"
5,"Apr 16, 2022"
5,"Apr 16, 2022"
1,"Apr 16, 2022"
5,"Apr 16, 2022"
5,"Apr 16, 2022"
5,"Apr 16, 2022"
5,"Apr 16, 2022"
5,"Apr 16, 2022"
5,"Apr 16, 2022"
5,"Apr 16, 2022"
5,"Apr 16, 2022"
5,"Apr 16, 2022"
4,"Apr 16, 2022"
5,"Apr 15, 2022"
5,"Apr 15, 2022"
5,"Apr 15, 2022"
1,"Apr 15, 2022"
5,"Apr 15, 2022"
5,"Apr 15, 2022"
5,"Apr 15, 2022"
5,"Apr 15, 2022"
5,"Apr 15, 2022"
5,"Apr 15, 2022"
5,"Apr 15, 2022"
5,"Apr 15, 2022"
5,"Apr 15, 2022"
5,"Apr 15, 2022"
5,"Apr 15, 2022"
5,"Apr 15, 2022"
5,"Apr 15, 2022"
5,"Apr 15, 2022"
5,"Apr 15, 2022"
5,"Apr 15, 2022"
5,"Apr 15, 2022"
5,"Apr 15, 2022"
5,"Apr 15, 2022"
5,"Apr 14, 2022"
5,"Apr 14, 2022"
5,"Apr 14, 2022"
5,"Apr 14, 2022"
5,"Apr 14, 2022"
5,"Apr 14, 2022"
5,"Apr 14, 2022"
5,"Apr 14, 2022"
5,"Apr 14, 2022"
5,"Apr 14, 2022"
5,"Apr 14, 2022"
5,"Apr 14, 2022"
5,"Apr 14, 2022"
5,"Apr 14, 2022"
5,"Apr 14, 2022"
5,"Apr 14, 2022"
5,"Apr 14, 2022"
5,"Apr 14, 2022"
5,"Apr 14, 2022"
5,"Apr 14, 2022"
5,"Apr 14, 2022"
5,"Apr 14, 2022"
1,"Apr 14, 2022"
5,"Apr 14, 2022"
5,"Apr 14, 2022"
5,"Apr 14, 2022"
5,"Apr 14, 2022"
5,"Apr 14, 2022"
5,"Apr 14, 2022"
5,"Apr 14, 2022"
5,"Apr 13, 2022"
5,"Apr 13, 2022"
5,"Apr 13, 2022"
5,"Apr 13, 2022"
5,"Apr 13, 2022"
5,"Apr 13, 2022"
5,"Apr 13, 2022"
5,"Apr 13, 2022"
5,"Apr 13, 2022"
5,"Apr 13, 2022"
5,"Apr 13, 2022"
5,"Apr 13, 2022"
4,"Apr 13, 2022"
1,"Apr 13, 2022"
4,"Apr 13, 2022"
5,"Apr 13, 2022"
4,"Apr 13, 2022"
5,"Apr 13, 2022"
5,"Apr 13, 2022"
5,"Apr 13, 2022"
5,"Apr 13, 2022"
5,"Apr 13, 2022"
5,"Apr 13, 2022"
5,"Apr 13, 2022"
5,"Apr 13, 2022"
5,"Apr 13, 2022"
5,"Apr 13, 2022"
5,"Apr 13, 2022"
5,"Apr 13, 2022"
5,"Apr 13, 2022"
5,"Apr 13, 2022"
5,"Apr 13, 2022"
5,"Apr 13, 2022"
5,"Apr 12, 2022"
5,"Apr 12, 2022"
5,"Apr 12, 2022"
5,"Apr 12, 2022"
5,"Apr 12, 2022"
5,"Apr 12, 2022"
5,"Apr 12, 2022"
5,"Apr 12, 2022"
5,"Apr 12, 2022"
5,"Apr 12, 2022"
5,"Apr 12, 2022"
5,"Apr 12, 2022"
5,"Apr 12, 2022"
5,"Apr 12, 2022"
5,"Apr 12, 2022"
5,"Apr 12, 2022"
4,"Apr 12, 2022"
5,"Apr 12, 2022"
5,"Apr 12, 2022"
5,"Apr 12, 2022"
5,"Apr 12, 2022"
5,"Apr 12, 2022"
5,"Apr 12, 2022"
5,"Apr 12, 2022"
5,"Apr 12, 2022"
5,"Apr 12, 2022"
5,"Apr 12, 2022"
5,"Apr 12, 2022"
5,"Apr 11, 2022"
5,"Apr 11, 2022"
5,"Apr 11, 2022"
5,"Apr 11, 2022"
5,"Apr 11, 2022"
5,"Apr 11, 2022"
5,"Apr 11, 2022"
5,"Apr 11, 2022"
5,"Apr 11, 2022"
5,"Apr 11, 2022"
5,"Apr 11, 2022"
5,"Apr 11, 2022"
5,"Apr 11, 2022"
4,"Apr 11, 2022"
5,"Apr 11, 2022"
5,"Apr 11, 2022"
5,"Apr 11, 2022"
5,"Apr 11, 2022"
4,"Apr 11, 2022"
5,"Apr 11, 2022"
5,"Apr 11, 2022"
5,"Apr 11, 2022"
5,"Apr 11, 2022"
5,"Apr 11, 2022"
5,"Apr 11, 2022"
5,"Apr 11, 2022"
5,"Apr 11, 2022"
5,"Apr 11, 2022"
1,"Apr 11, 2022"
5,"Apr 11, 2022"
5,"Apr 10, 2022"
5,"Apr 10, 2022"
5,"Apr 10, 2022"
5,"Apr 10, 2022"
5,"Apr 10, 2022"
5,"Apr 10, 2022"
5,"Apr 10, 2022"
5,"Apr 10, 2022"
5,"Apr 10, 2022"
5,"Apr 10, 2022"
1,"Apr 10, 2022"
5,"Apr 10, 2022"
5,"Apr 10, 2022"
5,"Apr 10, 2022"
5,"Apr 09, 2022"
5,"Apr 09, 2022"
5,"Apr 09, 2022"
5,"Apr 09, 2022"
5,"Apr 09, 2022"
5,"Apr 09, 2022"
5,"Apr 09, 2022"
5,"Apr 09, 2022"
5,"Apr 09, 2022"
5,"Apr 09, 2022"
5,"Apr 09, 2022"
5,"Apr 09, 2022"
5,"Apr 09, 2022"
5,"Apr 09, 2022"
5,"Apr 09, 2022"
5,"Apr 09, 2022"
5,"Apr 09, 2022"
5,"Apr 09, 2022"
5,"Apr 08, 2022"
5,"Apr 08, 2022"
5,"Apr 08, 2022"
5,"Apr 08, 2022"
5,"Apr 08, 2022"
1,"Apr 08, 2022"
5,"Apr 08, 2022"
5,"Apr 08, 2022"
5,"Apr 08, 2022"
5,"Apr 08, 2022"
5,"Apr 08, 2022"
5,"Apr 08, 2022"
5,"Apr 08, 2022"
5,"Apr 08, 2022"
5,"Apr 08, 2022"
5,"Apr 08, 2022"
5,"Apr 08, 2022"
5,"Apr 08, 2022"
5,"Apr 08, 2022"
5,"Apr 08, 2022"
5,"Apr 08, 2022"
5,"Apr 08, 2022"
1,"Apr 07, 2022"
5,"Apr 07, 2022"
5,"Apr 07, 2022"
5,"Apr 07, 2022"
5,"Apr 07, 2022"
5,"Apr 07, 2022"
5,"Apr 07, 2022"
5,"Apr 07, 2022"
5,"Apr 07, 2022"
5,"Apr 07, 2022"
5,"Apr 07, 2022"
5,"Apr 07, 2022"
5,"Apr 07, 2022"
5,"Apr 07, 2022"
5,"Apr 07, 2022"
5,"Apr 07, 2022"
5,"Apr 07, 2022"
1,"Apr 07, 2022"
4,"Apr 07, 2022"
5,"Apr 07, 2022"
1,"Apr 07, 2022"
5,"Apr 07, 2022"
5,"Apr 07, 2022"
4,"Apr 07, 2022"
5,"Apr 07, 2022"
5,"Apr 07, 2022"
5,"Apr 07, 2022"
5,"Apr 07, 2022"
5,"Apr 07, 2022"
5,"Apr 07, 2022"
5,"Apr 07, 2022"
5,"Apr 06, 2022"
5,"Apr 06, 2022"
5,"Apr 06, 2022"
5,"Apr 06, 2022"
5,"Apr 06, 2022"
5,"Apr 06, 2022"
5,"Apr 06, 2022"
5,"Apr 06, 2022"
5,"Apr 06, 2022"
5,"Apr 06, 2022"
5,"Apr 06, 2022"
5,"Apr 06, 2022"
5,"Apr 06, 2022"
1,"Apr 06, 2022"
5,"Apr 06, 2022"
5,"Apr 06, 2022"
5,"Apr 06, 2022"
5,"Apr 06, 2022"
5,"Apr 06, 2022"
5,"Apr 06, 2022"
5,"Apr 06, 2022"
5,"Apr 06, 2022"
5,"Apr 06, 2022"
5,"Apr 06, 2022"
5,"Apr 06, 2022"
5,"Apr 06, 2022"
5,"Apr 06, 2022"
5,"Apr 05, 2022"
5,"Apr 05, 2022"
5,"Apr 05, 2022"
5,"Apr 05, 2022"
5,"Apr 05, 2022"
5,"Apr 05, 2022"
5,"Apr 05, 2022"
5,"Apr 05, 2022"
5,"Apr 05, 2022"
5,"Apr 05, 2022"
5,"Apr 05, 2022"
5,"Apr 05, 2022"
5,"Apr 05, 2022"
5,"Apr 05, 2022"
5,"Apr 05, 2022"
1,"Apr 05, 2022"
5,"Apr 05, 2022"
5,"Apr 05, 2022"
5,"Apr 05, 2022"
5,"Apr 05, 2022"
5,"Apr 05, 2022"
5,"Apr 05, 2022"
4,"Apr 04, 2022"
5,"Apr 04, 2022"
5,"Apr 04, 2022"
5,"Apr 04, 2022"
5,"Apr 04, 2022"
5,"Apr 04, 2022"
5,"Apr 04, 2022"
5,"Apr 04, 2022"
5,"Apr 04, 2022"
5,"Apr 04, 2022"
5,"Apr 04, 2022"
5,"Apr 04, 2022"
5,"Apr 04, 2022"
5,"Apr 04, 2022"
5,"Apr 04, 2022"
5,"Apr 04, 2022"
5,"Apr 04, 2022"
5,"Apr 04, 2022"
5,"Apr 04, 2022"
1,"Apr 04, 2022"
5,"Apr 04, 2022"
5,"Apr 04, 2022"
5,"Apr 04, 2022"
5,"Apr 04, 2022"
5,"Apr 04, 2022"
5,"Apr 04, 2022"
5,"Apr 04, 2022"
5,"Apr 04, 2022"
5,"Apr 04, 2022"
5,"Apr 03, 2022"
5,"Apr 03, 2022"
5,"Apr 03, 2022"
5,"Apr 03, 2022"
5,"Apr 03, 2022"
5,"Apr 03, 2022"
5,"Apr 03, 2022"
5,"Apr 03, 2022"
5,"Apr 02, 2022"
5,"Apr 02, 2022"
4,"Apr 02, 2022"
5,"Apr 02, 2022"
5,"Apr 02, 2022"
5,"Apr 02, 2022"
5,"Apr 02, 2022"
5,"Apr 02, 2022"
5,"Apr 02, 2022"
1,"Apr 02, 2022"
5,"Apr 02, 2022"
5,"Apr 02, 2022"
5,"Apr 02, 2022"
5,"Apr 02, 2022"
5,"Apr 02, 2022"
5,"Apr 01, 2022"
5,"Apr 01, 2022"
5,"Apr 01, 2022"
5,"Apr 01, 2022"
5,"Apr 01, 2022"
5,"Apr 01, 2022"
5,"Apr 01, 2022"
5,"Apr 01, 2022"
5,"Apr 01, 2022"
5,"Apr 01, 2022"
5,"Apr 01, 2022"
5,"Apr 01, 2022"
5,"Apr 01, 2022"
5,"Apr 01, 2022"
5,"Apr 01, 2022"
5,"Apr 01, 2022"
5,"Apr 01, 2022"
5,"Apr 01, 2022"
5,"Apr 01, 2022"
5,"Apr 01, 2022"
5,"Mar 31, 2022"
5,"Mar 31, 2022"
5,"Mar 31, 2022"
5,"Mar 31, 2022"
5,"Mar 31, 2022"
5,"Mar 31, 2022"
5,"Mar 31, 2022"
5,"Mar 31, 2022"
5,"Mar 31, 2022"
5,"Mar 31, 2022"
1,"Mar 31, 2022"
5,"Mar 31, 2022"
5,"Mar 31, 2022"
5,"Mar 31, 2022"
5,"Mar 31, 2022"
5,"Mar 31, 2022"
5,"Mar 31, 2022"
5,"Mar 31, 2022"
5,"Mar 31, 2022"
5,"Mar 31, 2022"
4,"Mar 31, 2022"
5,"Mar 31, 2022"
5,"Mar 31, 2022"
5,"Mar 31, 2022"
5,"Mar 31, 2022"
5,"Mar 31, 2022"
5,"Mar 30, 2022"
5,"Mar 30, 2022"
5,"Mar 30, 2022"
5,"Mar 30, 2022"
4,"Mar 30, 2022"
5,"Mar 30, 2022"
5,"Mar 30, 2022"
5,"Mar 30, 2022"
5,"Mar 30, 2022"
5,"Mar 30, 2022"
5,"Mar 30, 2022"
5,"Mar 30, 2022"
5,"Mar 30, 2022"
5,"Mar 30, 2022"
5,"Mar 30, 2022"
5,"Mar 30, 2022"
5,"Mar 30, 2022"
5,"Mar 30, 2022"
4,"Mar 30, 2022"
5,"Mar 30, 2022"
5,"Mar 30, 2022"
5,"Mar 30, 2022"
5,"Mar 30, 2022"
5,"Mar 30, 2022"
5,"Mar 30, 2022"
5,"Mar 30, 2022"
5,"Mar 30, 2022"
5,"Mar 30, 2022"
5,"Mar 30, 2022"
5,"Mar 30, 2022"
5,"Mar 30, 2022"
5,"Mar 30, 2022"
1,"Mar 30, 2022"
5,"Mar 30, 2022"
5,"Mar 30, 2022"
5,"Mar 30, 2022"
5,"Mar 30, 2022"
5,"Mar 30, 2022"
5,"Mar 30, 2022"
5,"Mar 30, 2022"
5,"Mar 29, 2022"
5,"Mar 29, 2022"
5,"Mar 29, 2022"
5,"Mar 29, 2022"
5,"Mar 29, 2022"
5,"Mar 29, 2022"
5,"Mar 29, 2022"
5,"Mar 29, 2022"
5,"Mar 29, 2022"
5,"Mar 29, 2022"
5,"Mar 29, 2022"
5,"Mar 29, 2022"
5,"Mar 29, 2022"
4,"Mar 29, 2022"
5,"Mar 29, 2022"
5,"Mar 29, 2022"
5,"Mar 29, 2022"
5,"Mar 29, 2022"
5,"Mar 29, 2022"
5,"Mar 29, 2022"
5,"Mar 29, 2022"
5,"Mar 29, 2022"
5,"Mar 29, 2022"
5,"Mar 29, 2022"
5,"Mar 29, 2022"
5,"Mar 29, 2022"
5,"Mar 29, 2022"
5,"Mar 29, 2022"
5,"Mar 29, 2022"
5,"Mar 29, 2022"
5,"Mar 28, 2022"
5,"Mar 28, 2022"
5,"Mar 28, 2022"
5,"Mar 28, 2022"
5,"Mar 28, 2022"
4,"Mar 28, 2022"
5,"Mar 28, 2022"
5,"Mar 28, 2022"
5,"Mar 28, 2022"
4,"Mar 28, 2022"
5,"Mar 28, 2022"
5,"Mar 28, 2022"
5,"Mar 28, 2022"
5,"Mar 28, 2022"
5,"Mar 28, 2022"
5,"Mar 28, 2022"
5,"Mar 28, 2022"
5,"Mar 28, 2022"
5,"Mar 27, 2022"
5,"Mar 27, 2022"
5,"Mar 27, 2022"
5,"Mar 27, 2022"
5,"Mar 27, 2022"
5,"Mar 27, 2022"
5,"Mar 27, 2022"
5,"Mar 27, 2022"
5,"Mar 27, 2022"
5,"Mar 27, 2022"
5,"Mar 27, 2022"
5,"Mar 27, 2022"
5,"Mar 27, 2022"
5,"Mar 27, 2022"
5,"Mar 27, 2022"
5,"Mar 27, 2022"
5,"Mar 27, 2022"
1,"Mar 26, 2022"
5,"Mar 26, 2022"
5,"Mar 26, 2022"
5,"Mar 26, 2022"
5,"Mar 26, 2022"
5,"Mar 26, 2022"
5,"Mar 26, 2022"
5,"Mar 26, 2022"
5,"Mar 26, 2022"
5,"Mar 26, 2022"
1,"Mar 26, 2022"
5,"Mar 25, 2022"
5,"Mar 25, 2022"
5,"Mar 25, 2022"
5,"Mar 25, 2022"
5,"Mar 25, 2022"
5,"Mar 25, 2022"
5,"Mar 25, 2022"
5,"Mar 25, 2022"
5,"Mar 25, 2022"
5,"Mar 25, 2022"
5,"Mar 25, 2022"
5,"Mar 25, 2022"
5,"Mar 25, 2022"
5,"Mar 25, 2022"
5,"Mar 25, 2022"
5,"Mar 25, 2022"
5,"Mar 25, 2022"
5,"Mar 25, 2022"
5,"Mar 25, 2022"
5,"Mar 25, 2022"
5,"Mar 25, 2022"
5,"Mar 25, 2022"
5,"Mar 25, 2022"
5,"Mar 24, 2022"
5,"Mar 24, 2022"
5,"Mar 24, 2022"
5,"Mar 24, 2022"
5,"Mar 24, 2022"
5,"Mar 24, 2022"
5,"Mar 24, 2022"
5,"Mar 24, 2022"
5,"Mar 24, 2022"
5,"Mar 24, 2022"
5,"Mar 24, 2022"
1,"Mar 24, 2022"
5,"Mar 24, 2022"
5,"Mar 24, 2022"
1,"Mar 24, 2022"
5,"Mar 24, 2022"
5,"Mar 24, 2022"
5,"Mar 24, 2022"
5,"Mar 24, 2022"
5,"Mar 24, 2022"
5,"Mar 24, 2022"
5,"Mar 24, 2022"
5,"Mar 24, 2022"
5,"Mar 24, 2022"
5,"Mar 23, 2022"
5,"Mar 23, 2022"
5,"Mar 23, 2022"
5,"Mar 23, 2022"
5,"Mar 23, 2022"
5,"Mar 23, 2022"
5,"Mar 23, 2022"
4,"Mar 23, 2022"
5,"Mar 23, 2022"
5,"Mar 23, 2022"
5,"Mar 23, 2022"
5,"Mar 23, 2022"
5,"Mar 23, 2022"
5,"Mar 23, 2022"
5,"Mar 23, 2022"
5,"Mar 23, 2022"
5,"Mar 23, 2022"
5,"Mar 23, 2022"
5,"Mar 23, 2022"
5,"Mar 23, 2022"
5,"Mar 23, 2022"
5,"Mar 23, 2022"
5,"Mar 23, 2022"
5,"Mar 23, 2022"
5,"Mar 22, 2022"
4,"Mar 22, 2022"
5,"Mar 22, 2022"
5,"Mar 22, 2022"
5,"Mar 22, 2022"
5,"Mar 22, 2022"
5,"Mar 22, 2022"
5,"Mar 22, 2022"
5,"Mar 22, 2022"
5,"Mar 22, 2022"
5,"Mar 22, 2022"
5,"Mar 22, 2022"
5,"Mar 22, 2022"
5,"Mar 22, 2022"
5,"Mar 22, 2022"
5,"Mar 22, 2022"
5,"Mar 22, 2022"
5,"Mar 22, 2022"
5,"Mar 22, 2022"
5,"Mar 22, 2022"
5,"Mar 22, 2022"
5,"Mar 22, 2022"
5,"Mar 22, 2022"
5,"Mar 22, 2022"
5,"Mar 22, 2022"
5,"Mar 22, 2022"
5,"Mar 22, 2022"
5,"Mar 22, 2022"
5,"Mar 22, 2022"
5,"Mar 22, 2022"
5,"Mar 22, 2022"
5,"Mar 21, 2022"
5,"Mar 21, 2022"
5,"Mar 21, 2022"
5,"Mar 21, 2022"
5,"Mar 21, 2022"
5,"Mar 21, 2022"
5,"Mar 21, 2022"
5,"Mar 21, 2022"
5,"Mar 21, 2022"
5,"Mar 21, 2022"
5,"Mar 21, 2022"
5,"Mar 21, 2022"
5,"Mar 21, 2022"
5,"Mar 21, 2022"
5,"Mar 21, 2022"
4,"Mar 21, 2022"
5,"Mar 20, 2022"
5,"Mar 20, 2022"
5,"Mar 20, 2022"
5,"Mar 20, 2022"
5,"Mar 20, 2022"
5,"Mar 20, 2022"
5,"Mar 20, 2022"
5,"Mar 20, 2022"
5,"Mar 20, 2022"
5,"Mar 20, 2022"
5,"Mar 20, 2022"
5,"Mar 20, 2022"
5,"Mar 20, 2022"
1,"Mar 20, 2022"
5,"Mar 20, 2022"
5,"Mar 20, 2022"
5,"Mar 19, 2022"
5,"Mar 19, 2022"
5,"Mar 19, 2022"
5,"Mar 19, 2022"
5,"Mar 19, 2022"
1,"Mar 19, 2022"
5,"Mar 19, 2022"
5,"Mar 19, 2022"
5,"Mar 19, 2022"
5,"Mar 19, 2022"
5,"Mar 19, 2022"
5,"Mar 19, 2022"
1,"Mar 19, 2022"
5,"Mar 19, 2022"
5,"Mar 19, 2022"
5,"Mar 18, 2022"
5,"Mar 18, 2022"
5,"Mar 18, 2022"
5,"Mar 18, 2022"
5,"Mar 18, 2022"
5,"Mar 18, 2022"
5,"Mar 18, 2022"
5,"Mar 18, 2022"
5,"Mar 18, 2022"
5,"Mar 18, 2022"
5,"Mar 18, 2022"
5,"Mar 18, 2022"
5,"Mar 18, 2022"
5,"Mar 18, 2022"
5,"Mar 18, 2022"
5,"Mar 18, 2022"
5,"Mar 18, 2022"
5,"Mar 18, 2022"
5,"Mar 18, 2022"
5,"Mar 18, 2022"
2,"Mar 18, 2022"
5,"Mar 18, 2022"
5,"Mar 17, 2022"
5,"Mar 17, 2022"
5,"Mar 17, 2022"
5,"Mar 17, 2022"
5,"Mar 17, 2022"
5,"Mar 17, 2022"
5,"Mar 17, 2022"
5,"Mar 17, 2022"
5,"Mar 17, 2022"
5,"Mar 17, 2022"
5,"Mar 17, 2022"
5,"Mar 17, 2022"
5,"Mar 17, 2022"
5,"Mar 17, 2022"
5,"Mar 17, 2022"
5,"Mar 17, 2022"
5,"Mar 16, 2022"
5,"Mar 16, 2022"
1,"Mar 16, 2022"
5,"Mar 16, 2022"
5,"Mar 16, 2022"
5,"Mar 16, 2022"
5,"Mar 16, 2022"
5,"Mar 16, 2022"
5,"Mar 16, 2022"
5,"Mar 16, 2022"
5,"Mar 16, 2022"
5,"Mar 16, 2022"
5,"Mar 16, 2022"
4,"Mar 16, 2022"
5,"Mar 16, 2022"
5,"Mar 16, 2022"
5,"Mar 16, 2022"
5,"Mar 16, 2022"
2,"Mar 16, 2022"
5,"Mar 16, 2022"
5,"Mar 16, 2022"
5,"Mar 16, 2022"
5,"Mar 16, 2022"
5,"Mar 16, 2022"
5,"Mar 16, 2022"
5,"Mar 16, 2022"
1,"Mar 16, 2022"
5,"Mar 16, 2022"
5,"Mar 16, 2022"
5,"Mar 16, 2022"
4,"Mar 16, 2022"
5,"Mar 16, 2022"
5,"Mar 15, 2022"
2,"Mar 15, 2022"
5,"Mar 15, 2022"
5,"Mar 15, 2022"
5,"Mar 15, 2022"
5,"Mar 15, 2022"
5,"Mar 15, 2022"
5,"Mar 15, 2022"
5,"Mar 15, 2022"
5,"Mar 15, 2022"
5,"Mar 15, 2022"
5,"Mar 15, 2022"
5,"Mar 15, 2022"
5,"Mar 15, 2022"
5,"Mar 15, 2022"
5,"Mar 15, 2022"
5,"Mar 15, 2022"
5,"Mar 15, 2022"
5,"Mar 15, 2022"
5,"Mar 15, 2022"
5,"Mar 15, 2022"
5,"Mar 15, 2022"
5,"Mar 15, 2022"
5,"Mar 15, 2022"
5,"Mar 15, 2022"
5,"Mar 15, 2022"
5,"Mar 15, 2022"
5,"Mar 15, 2022"
5,"Mar 15, 2022"
5,"Mar 15, 2022"
5,"Mar 15, 2022"
5,"Mar 14, 2022"
5,"Mar 14, 2022"
5,"Mar 14, 2022"
5,"Mar 14, 2022"
5,"Mar 14, 2022"
5,"Mar 14, 2022"
5,"Mar 14, 2022"
4,"Mar 14, 2022"
5,"Mar 14, 2022"
5,"Mar 14, 2022"
5,"Mar 14, 2022"
5,"Mar 14, 2022"
5,"Mar 14, 2022"
5,"Mar 14, 2022"
5,"Mar 14, 2022"
5,"Mar 14, 2022"
5,"Mar 14, 2022"
5,"Mar 14, 2022"
5,"Mar 14, 2022"
5,"Mar 14, 2022"
5,"Mar 14, 2022"
5,"Mar 14, 2022"
5,"Mar 14, 2022"
5,"Mar 14, 2022"
4,"Mar 14, 2022"
5,"Mar 14, 2022"
5,"Mar 14, 2022"
5,"Mar 14, 2022"
5,"Mar 14, 2022"
5,"Mar 14, 2022"
5,"Mar 14, 2022"
5,"Mar 14, 2022"
5,"Mar 14, 2022"
5,"Mar 13, 2022"
5,"Mar 13, 2022"
5,"Mar 13, 2022"
5,"Mar 13, 2022"
5,"Mar 13, 2022"
5,"Mar 13, 2022"
5,"Mar 13, 2022"
5,"Mar 13, 2022"
5,"Mar 13, 2022"
5,"Mar 13, 2022"
5,"Mar 13, 2022"
5,"Mar 12, 2022"
5,"Mar 12, 2022"
5,"Mar 12, 2022"
5,"Mar 12, 2022"
5,"Mar 12, 2022"
5,"Mar 12, 2022"
1,"Mar 12, 2022"
5,"Mar 12, 2022"
5,"Mar 12, 2022"
5,"Mar 12, 2022"
5,"Mar 12, 2022"
5,"Mar 12, 2022"
5,"Mar 12, 2022"
5,"Mar 12, 2022"
5,"Mar 12, 2022"
5,"Mar 12, 2022"
5,"Mar 12, 2022"
5,"Mar 12, 2022"
5,"Mar 12, 2022"
5,"Mar 12, 2022"
5,"Mar 12, 2022"
5,"Mar 12, 2022"
5,"Mar 12, 2022"
5,"Mar 12, 2022"
5,"Mar 11, 2022"
5,"Mar 11, 2022"
5,"Mar 11, 2022"
5,"Mar 11, 2022"
5,"Mar 11, 2022"
5,"Mar 11, 2022"
5,"Mar 11, 2022"
1,"Mar 11, 2022"
5,"Mar 11, 2022"
4,"Mar 11, 2022"
5,"Mar 11, 2022"
5,"Mar 11, 2022"
5,"Mar 11, 2022"
5,"Mar 11, 2022"
5,"Mar 11, 2022"
5,"Mar 11, 2022"
5,"Mar 11, 2022"
5,"Mar 11, 2022"
5,"Mar 11, 2022"
5,"Mar 11, 2022"
5,"Mar 11, 2022"
5,"Mar 11, 2022"
5,"Mar 11, 2022"
5,"Mar 11, 2022"
5,"Mar 11, 2022"
5,"Mar 11, 2022"
5,"Mar 11, 2022"
5,"Mar 11, 2022"
5,"Mar 11, 2022"
5,"Mar 10, 2022"
5,"Mar 10, 2022"
5,"Mar 10, 2022"
5,"Mar 10, 2022"
5,"Mar 10, 2022"
5,"Mar 10, 2022"
5,"Mar 10, 2022"
1,"Mar 10, 2022"
4,"Mar 10, 2022"
5,"Mar 10, 2022"
5,"Mar 10, 2022"
5,"Mar 10, 2022"
5,"Mar 10, 2022"
1,"Mar 10, 2022"
5,"Mar 10, 2022"
5,"Mar 10, 2022"
5,"Mar 10, 2022"
5,"Mar 10, 2022"
5,"Mar 10, 2022"
5,"Mar 10, 2022"
5,"Mar 10, 2022"
5,"Mar 10, 2022"
1,"Mar 10, 2022"
5,"Mar 10, 2022"
5,"Mar 10, 2022"
5,"Mar 10, 2022"
5,"Mar 10, 2022"
5,"Mar 10, 2022"
5,"Mar 10, 2022"
5,"Mar 10, 2022"
5,"Mar 10, 2022"
5,"Mar 10, 2022"
5,"Mar 10, 2022"
5,"Mar 10, 2022"
5,"Mar 09, 2022"
5,"Mar 09, 2022"
5,"Mar 09, 2022"
5,"Mar 09, 2022"
5,"Mar 09, 2022"
5,"Mar 09, 2022"
5,"Mar 09, 2022"
5,"Mar 09, 2022"
5,"Mar 09, 2022"
5,"Mar 09, 2022"
5,"Mar 09, 2022"
5,"Mar 09, 2022"
5,"Mar 09, 2022"
5,"Mar 09, 2022"
5,"Mar 09, 2022"
5,"Mar 09, 2022"
5,"Mar 09, 2022"
5,"Mar 09, 2022"
5,"Mar 09, 2022"
5,"Mar 09, 2022"
5,"Mar 09, 2022"
5,"Mar 09, 2022"
5,"Mar 09, 2022"
5,"Mar 09, 2022"
1,"Mar 09, 2022"
5,"Mar 09, 2022"
5,"Mar 09, 2022"
5,"Mar 09, 2022"
5,"Mar 09, 2022"
5,"Mar 09, 2022"
5,"Mar 09, 2022"
5,"Mar 09, 2022"
5,"Mar 09, 2022"
5,"Mar 09, 2022"
1,"Mar 09, 2022"
5,"Mar 09, 2022"
5,"Mar 09, 2022"
5,"Mar 09, 2022"
1,"Mar 09, 2022"
1,"Mar 09, 2022"
5,"Mar 09, 2022"
5,"Mar 09, 2022"
5,"Mar 09, 2022"
5,"Mar 08, 2022"
5,"Mar 08, 2022"
5,"Mar 08, 2022"
5,"Mar 08, 2022"
5,"Mar 08, 2022"
1,"Mar 08, 2022"
5,"Mar 08, 2022"
5,"Mar 08, 2022"
1,"Mar 08, 2022"
5,"Mar 08, 2022"
5,"Mar 08, 2022"
5,"Mar 08, 2022"
5,"Mar 08, 2022"
5,"Mar 08, 2022"
5,"Mar 08, 2022"
5,"Mar 08, 2022"
5,"Mar 08, 2022"
5,"Mar 08, 2022"
5,"Mar 08, 2022"
5,"Mar 08, 2022"
5,"Mar 08, 2022"
5,"Mar 08, 2022"
5,"Mar 08, 2022"
5,"Mar 08, 2022"
5,"Mar 08, 2022"
5,"Mar 08, 2022"
5,"Mar 08, 2022"
5,"Mar 08, 2022"
5,"Mar 08, 2022"
5,"Mar 08, 2022"
5,"Mar 08, 2022"
5,"Mar 08, 2022"
5,"Mar 07, 2022"
5,"Mar 07, 2022"
4,"Mar 07, 2022"
5,"Mar 07, 2022"
5,"Mar 07, 2022"
5,"Mar 07, 2022"
5,"Mar 07, 2022"
5,"Mar 07, 2022"
5,"Mar 07, 2022"
5,"Mar 07, 2022"
5,"Mar 07, 2022"
5,"Mar 07, 2022"
5,"Mar 07, 2022"
5,"Mar 07, 2022"
5,"Mar 07, 2022"
5,"Mar 07, 2022"
5,"Mar 07, 2022"
5,"Mar 07, 2022"
5,"Mar 07, 2022"
5,"Mar 07, 2022"
5,"Mar 07, 2022"
5,"Mar 07, 2022"
5,"Mar 07, 2022"
5,"Mar 07, 2022"
5,"Mar 07, 2022"
5,"Mar 07, 2022"
5,"Mar 07, 2022"
5,"Mar 07, 2022"
5,"Mar 07, 2022"
1,"Mar 07, 2022"
5,"Mar 07, 2022"
5,"Mar 07, 2022"
5,"Mar 07, 2022"
5,"Mar 07, 2022"
5,"Mar 07, 2022"
5,"Mar 06, 2022"
5,"Mar 06, 2022"
5,"Mar 06, 2022"
5,"Mar 06, 2022"
5,"Mar 06, 2022"
5,"Mar 06, 2022"
4,"Mar 06, 2022"
5,"Mar 06, 2022"
5,"Mar 06, 2022"
5,"Mar 06, 2022"
5,"Mar 06, 2022"
5,"Mar 06, 2022"
5,"Mar 06, 2022"
5,"Mar 06, 2022"
5,"Mar 06, 2022"
4,"Mar 06, 2022"
5,"Mar 06, 2022"
5,"Mar 06, 2022"
5,"Mar 05, 2022"
5,"Mar 05, 2022"
5,"Mar 05, 2022"
1,"Mar 05, 2022"
5,"Mar 05, 2022"
5,"Mar 05, 2022"
5,"Mar 05, 2022"
4,"Mar 05, 2022"
5,"Mar 05, 2022"
5,"Mar 05, 2022"
5,"Mar 05, 2022"
5,"Mar 05, 2022"
5,"Mar 05, 2022"
5,"Mar 05, 2022"
5,"Mar 05, 2022"
5,"Mar 05, 2022"
5,"Mar 05, 2022"
5,"Mar 05, 2022"
5,"Mar 05, 2022"
4,"Mar 05, 2022"
5,"Mar 05, 2022"
5,"Mar 05, 2022"
1,"Mar 05, 2022"
5,"Mar 04, 2022"
5,"Mar 04, 2022"
5,"Mar 04, 2022"
4,"Mar 04, 2022"
5,"Mar 04, 2022"
5,"Mar 04, 2022"
5,"Mar 04, 2022"
5,"Mar 04, 2022"
5,"Mar 04, 2022"
5,"Mar 04, 2022"
5,"Mar 04, 2022"
1,"Mar 04, 2022"
4,"Mar 04, 2022"
5,"Mar 04, 2022"
5,"Mar 04, 2022"
5,"Mar 04, 2022"
5,"Mar 04, 2022"
5,"Mar 04, 2022"
5,"Mar 04, 2022"
5,"Mar 04, 2022"
5,"Mar 04, 2022"
5,"Mar 04, 2022"
5,"Mar 04, 2022"
5,"Mar 04, 2022"
5,"Mar 04, 2022"
5,"Mar 04, 2022"
5,"Mar 04, 2022"
5,"Mar 03, 2022"
5,"Mar 03, 2022"
5,"Mar 03, 2022"
5,"Mar 03, 2022"
5,"Mar 03, 2022"
5,"Mar 03, 2022"
5,"Mar 03, 2022"
5,"Mar 03, 2022"
5,"Mar 03, 2022"
5,"Mar 03, 2022"
5,"Mar 03, 2022"
5,"Mar 03, 2022"
5,"Mar 03, 2022"
5,"Mar 03, 2022"
5,"Mar 03, 2022"
5,"Mar 03, 2022"
5,"Mar 03, 2022"
5,"Mar 03, 2022"
5,"Mar 03, 2022"
5,"Mar 03, 2022"
5,"Mar 03, 2022"
5,"Mar 03, 2022"
5,"Mar 03, 2022"
5,"Mar 03, 2022"
5,"Mar 03, 2022"
5,"Mar 03, 2022"
5,"Mar 03, 2022"
5,"Mar 03, 2022"
5,"Mar 03, 2022"
5,"Mar 03, 2022"
4,"Mar 03, 2022"
5,"Mar 02, 2022"
5,"Mar 02, 2022"
5,"Mar 02, 2022"
5,"Mar 02, 2022"
5,"Mar 02, 2022"
5,"Mar 02, 2022"
5,"Mar 02, 2022"
5,"Mar 02, 2022"
5,"Mar 02, 2022"
5,"Mar 02, 2022"
5,"Mar 02, 2022"
5,"Mar 02, 2022"
5,"Mar 02, 2022"
5,"Mar 02, 2022"
5,"Mar 02, 2022"
5,"Mar 02, 2022"
5,"Mar 02, 2022"
5,"Mar 02, 2022"
5,"Mar 02, 2022"
5,"Mar 02, 2022"
1,"Mar 02, 2022"
5,"Mar 02, 2022"
5,"Mar 02, 2022"
5,"Mar 02, 2022"
5,"Mar 02, 2022"
5,"Mar 02, 2022"
5,"Mar 02, 2022"
5,"Mar 02, 2022"
5,"Mar 01, 2022"
1,"Mar 01, 2022"
5,"Mar 01, 2022"
5,"Mar 01, 2022"
5,"Mar 01, 2022"
5,"Mar 01, 2022"
5,"Mar 01, 2022"
5,"Mar 01, 2022"
5,"Mar 01, 2022"
5,"Mar 01, 2022"
5,"Mar 01, 2022"
5,"Mar 01, 2022"
5,"Mar 01, 2022"
5,"Mar 01, 2022"
5,"Mar 01, 2022"
5,"Mar 01, 2022"
5,"Mar 01, 2022"
5,"Mar 01, 2022"
5,"Mar 01, 2022"
5,"Mar 01, 2022"
5,"Mar 01, 2022"
5,"Mar 01, 2022"
5,"Mar 01, 2022"
5,"Mar 01, 2022"
1,"Mar 01, 2022"
5,"Mar 01, 2022"
5,"Feb 28, 2022"
5,"Feb 28, 2022"
5,"Feb 28, 2022"
5,"Feb 28, 2022"
5,"Feb 28, 2022"
5,"Feb 28, 2022"
5,"Feb 28, 2022"
5,"Feb 28, 2022"
5,"Feb 28, 2022"
5,"Feb 28, 2022"
5,"Feb 28, 2022"
5,"Feb 28, 2022"
5,"Feb 28, 2022"
5,"Feb 28, 2022"
5,"Feb 28, 2022"
5,"Feb 28, 2022"
5,"Feb 28, 2022"
4,"Feb 28, 2022"
5,"Feb 28, 2022"
5,"Feb 28, 2022"
5,"Feb 28, 2022"
5,"Feb 28, 2022"
5,"Feb 28, 2022"
5,"Feb 28, 2022"
1,"Feb 28, 2022"
5,"Feb 28, 2022"
5,"Feb 28, 2022"
5,"Feb 28, 2022"
5,"Feb 28, 2022"
5,"Feb 28, 2022"
5,"Feb 28, 2022"
5,"Feb 28, 2022"
5,"Feb 27, 2022"
5,"Feb 27, 2022"
5,"Feb 27, 2022"
5,"Feb 27, 2022"
2,"Feb 27, 2022"
5,"Feb 27, 2022"
4,"Feb 27, 2022"
5,"Feb 27, 2022"
5,"Feb 27, 2022"
1,"Feb 27, 2022"
5,"Feb 27, 2022"
5,"Feb 27, 2022"
5,"Feb 27, 2022"
5,"Feb 27, 2022"
5,"Feb 27, 2022"
5,"Feb 27, 2022"
5,"Feb 27, 2022"
5,"Feb 27, 2022"
3,"Feb 27, 2022"
5,"Feb 27, 2022"
5,"Feb 27, 2022"
5,"Feb 26, 2022"
5,"Feb 26, 2022"
5,"Feb 26, 2022"
5,"Feb 26, 2022"
5,"Feb 26, 2022"
5,"Feb 26, 2022"
5,"Feb 26, 2022"
1,"Feb 26, 2022"
5,"Feb 26, 2022"
5,"Feb 26, 2022"
5,"Feb 26, 2022"
5,"Feb 26, 2022"
5,"Feb 26, 2022"
5,"Feb 26, 2022"
5,"Feb 25, 2022"
5,"Feb 25, 2022"
5,"Feb 25, 2022"
5,"Feb 25, 2022"
5,"Feb 25, 2022"
1,"Feb 25, 2022"
5,"Feb 25, 2022"
5,"Feb 25, 2022"
5,"Feb 25, 2022"
5,"Feb 25, 2022"
5,"Feb 25, 2022"
5,"Feb 25, 2022"
5,"Feb 25, 2022"
5,"Feb 25, 2022"
5,"Feb 25, 2022"
5,"Feb 25, 2022"
5,"Feb 25, 2022"
5,"Feb 25, 2022"
5,"Feb 25, 2022"
5,"Feb 25, 2022"
5,"Feb 25, 2022"
5,"Feb 24, 2022"
4,"Feb 24, 2022"
5,"Feb 24, 2022"
5,"Feb 24, 2022"
5,"Feb 24, 2022"
5,"Feb 24, 2022"
5,"Feb 24, 2022"
5,"Feb 24, 2022"
5,"Feb 24, 2022"
5,"Feb 24, 2022"
5,"Feb 24, 2022"
5,"Feb 24, 2022"
5,"Feb 24, 2022"
5,"Feb 24, 2022"
5,"Feb 24, 2022"
4,"Feb 24, 2022"
5,"Feb 24, 2022"
5,"Feb 24, 2022"
5,"Feb 24, 2022"
5,"Feb 24, 2022"
1,"Feb 24, 2022"
5,"Feb 24, 2022"
5,"Feb 24, 2022"
5,"Feb 24, 2022"
5,"Feb 24, 2022"
5,"Feb 24, 2022"
5,"Feb 24, 2022"
5,"Feb 23, 2022"
5,"Feb 23, 2022"
5,"Feb 23, 2022"
5,"Feb 23, 2022"
5,"Feb 23, 2022"
5,"Feb 23, 2022"
5,"Feb 23, 2022"
5,"Feb 23, 2022"
5,"Feb 23, 2022"
5,"Feb 23, 2022"
5,"Feb 23, 2022"
5,"Feb 23, 2022"
5,"Feb 23, 2022"
5,"Feb 23, 2022"
5,"Feb 23, 2022"
5,"Feb 23, 2022"
1,"Feb 23, 2022"
5,"Feb 23, 2022"
5,"Feb 23, 2022"
5,"Feb 23, 2022"
5,"Feb 23, 2022"
5,"Feb 23, 2022"
5,"Feb 23, 2022"
5,"Feb 23, 2022"
4,"Feb 23, 2022"
5,"Feb 23, 2022"
5,"Feb 23, 2022"
5,"Feb 22, 2022"
5,"Feb 22, 2022"
5,"Feb 22, 2022"
5,"Feb 22, 2022"
5,"Feb 22, 2022"
5,"Feb 22, 2022"
5,"Feb 22, 2022"
5,"Feb 22, 2022"
5,"Feb 22, 2022"
5,"Feb 22, 2022"
1,"Feb 22, 2022"
5,"Feb 22, 2022"
5,"Feb 22, 2022"
4,"Feb 22, 2022"
5,"Feb 22, 2022"
5,"Feb 22, 2022"
5,"Feb 22, 2022"
5,"Feb 22, 2022"
5,"Feb 22, 2022"
5,"Feb 22, 2022"
5,"Feb 22, 2022"
5,"Feb 22, 2022"
5,"Feb 21, 2022"
1,"Feb 21, 2022"
5,"Feb 21, 2022"
1,"Feb 21, 2022"
5,"Feb 21, 2022"
5,"Feb 21, 2022"
5,"Feb 21, 2022"
5,"Feb 21, 2022"
5,"Feb 21, 2022"
5,"Feb 21, 2022"
5,"Feb 21, 2022"
5,"Feb 21, 2022"
5,"Feb 21, 2022"
5,"Feb 21, 2022"
5,"Feb 21, 2022"
5,"Feb 21, 2022"
5,"Feb 21, 2022"
5,"Feb 21, 2022"
5,"Feb 21, 2022"
5,"Feb 21, 2022"
5,"Feb 21, 2022"
5,"Feb 21, 2022"
5,"Feb 21, 2022"
5,"Feb 21, 2022"
5,"Feb 21, 2022"
4,"Feb 21, 2022"
5,"Feb 21, 2022"
5,"Feb 21, 2022"
5,"Feb 20, 2022"
5,"Feb 20, 2022"
5,"Feb 20, 2022"
5,"Feb 20, 2022"
5,"Feb 20, 2022"
5,"Feb 20, 2022"
5,"Feb 20, 2022"
5,"Feb 20, 2022"
5,"Feb 20, 2022"
5,"Feb 20, 2022"
5,"Feb 20, 2022"
5,"Feb 20, 2022"
5,"Feb 20, 2022"
1,"Feb 20, 2022"
5,"Feb 20, 2022"
5,"Feb 20, 2022"
5,"Feb 20, 2022"
5,"Feb 19, 2022"
5,"Feb 19, 2022"
5,"Feb 19, 2022"
5,"Feb 19, 2022"
5,"Feb 19, 2022"
5,"Feb 19, 2022"
5,"Feb 19, 2022"
5,"Feb 19, 2022"
5,"Feb 19, 2022"
5,"Feb 19, 2022"
5,"Feb 19, 2022"
5,"Feb 19, 2022"
5,"Feb 19, 2022"
5,"Feb 19, 2022"
5,"Feb 19, 2022"
5,"Feb 19, 2022"
5,"Feb 19, 2022"
5,"Feb 19, 2022"
5,"Feb 19, 2022"
5,"Feb 19, 2022"
5,"Feb 19, 2022"
5,"Feb 19, 2022"
5,"Feb 19, 2022"
5,"Feb 18, 2022"
5,"Feb 18, 2022"
1,"Feb 18, 2022"
5,"Feb 18, 2022"
5,"Feb 18, 2022"
5,"Feb 18, 2022"
5,"Feb 18, 2022"
5,"Feb 18, 2022"
5,"Feb 18, 2022"
5,"Feb 18, 2022"
5,"Feb 18, 2022"
5,"Feb 18, 2022"
5,"Feb 18, 2022"
5,"Feb 18, 2022"
5,"Feb 18, 2022"
5,"Feb 18, 2022"
5,"Feb 18, 2022"
5,"Feb 18, 2022"
5,"Feb 18, 2022"
5,"Feb 18, 2022"
5,"Feb 18, 2022"
5,"Feb 18, 2022"
5,"Feb 18, 2022"
5,"Feb 17, 2022"
5,"Feb 17, 2022"
5,"Feb 17, 2022"
5,"Feb 17, 2022"
5,"Feb 17, 2022"
5,"Feb 17, 2022"
5,"Feb 17, 2022"
5,"Feb 17, 2022"
5,"Feb 17, 2022"
4,"Feb 17, 2022"
5,"Feb 17, 2022"
5,"Feb 17, 2022"
5,"Feb 17, 2022"
5,"Feb 17, 2022"
5,"Feb 17, 2022"
5,"Feb 17, 2022"
5,"Feb 17, 2022"
5,"Feb 17, 2022"
5,"Feb 17, 2022"
4,"Feb 17, 2022"
5,"Feb 17, 2022"
5,"Feb 17, 2022"
5,"Feb 17, 2022"
5,"Feb 17, 2022"
5,"Feb 17, 2022"
5,"Feb 17, 2022"
5,"Feb 17, 2022"
5,"Feb 17, 2022"
5,"Feb 17, 2022"
5,"Feb 17, 2022"
5,"Feb 17, 2022"
5,"Feb 17, 2022"
5,"Feb 17, 2022"
5,"Feb 17, 2022"
5,"Feb 17, 2022"
5,"Feb 17, 2022"
5,"Feb 16, 2022"
5,"Feb 16, 2022"
5,"Feb 16, 2022"
5,"Feb 16, 2022"
5,"Feb 16, 2022"
5,"Feb 16, 2022"
5,"Feb 16, 2022"
5,"Feb 16, 2022"
5,"Feb 16, 2022"
5,"Feb 16, 2022"
5,"Feb 16, 2022"
5,"Feb 16, 2022"
1,"Feb 16, 2022"
5,"Feb 16, 2022"
5,"Feb 16, 2022"
5,"Feb 16, 2022"
5,"Feb 16, 2022"
5,"Feb 16, 2022"
5,"Feb 16, 2022"
5,"Feb 16, 2022"
5,"Feb 16, 2022"
5,"Feb 16, 2022"
5,"Feb 16, 2022"
5,"Feb 16, 2022"
5,"Feb 15, 2022"
5,"Feb 15, 2022"
5,"Feb 15, 2022"
5,"Feb 15, 2022"
5,"Feb 15, 2022"
5,"Feb 15, 2022"
5,"Feb 15, 2022"
5,"Feb 15, 2022"
5,"Feb 15, 2022"
5,"Feb 15, 2022"
5,"Feb 15, 2022"
5,"Feb 15, 2022"
5,"Feb 15, 2022"
5,"Feb 15, 2022"
5,"Feb 15, 2022"
5,"Feb 15, 2022"
1,"Feb 15, 2022"
5,"Feb 15, 2022"
5,"Feb 15, 2022"
5,"Feb 15, 2022"
5,"Feb 15, 2022"
5,"Feb 15, 2022"
5,"Feb 15, 2022"
5,"Feb 15, 2022"
5,"Feb 15, 2022"
5,"Feb 15, 2022"
5,"Feb 15, 2022"
5,"Feb 15, 2022"
5,"Feb 15, 2022"
5,"Feb 15, 2022"
5,"Feb 15, 2022"
5,"Feb 14, 2022"
5,"Feb 14, 2022"
1,"Feb 14, 2022"
5,"Feb 14, 2022"
5,"Feb 14, 2022"
5,"Feb 14, 2022"
5,"Feb 14, 2022"
5,"Feb 14, 2022"
5,"Feb 14, 2022"
5,"Feb 14, 2022"
5,"Feb 14, 2022"
5,"Feb 14, 2022"
5,"Feb 14, 2022"
5,"Feb 14, 2022"
5,"Feb 14, 2022"
5,"Feb 14, 2022"
1,"Feb 14, 2022"
5,"Feb 14, 2022"
5,"Feb 14, 2022"
5,"Feb 14, 2022"
5,"Feb 14, 2022"
5,"Feb 14, 2022"
5,"Feb 14, 2022"
4,"Feb 14, 2022"
5,"Feb 14, 2022"
5,"Feb 14, 2022"
5,"Feb 14, 2022"
5,"Feb 13, 2022"
5,"Feb 13, 2022"
5,"Feb 13, 2022"
1,"Feb 13, 2022"
5,"Feb 13, 2022"
5,"Feb 13, 2022"
5,"Feb 13, 2022"
5,"Feb 13, 2022"
5,"Feb 13, 2022"
5,"Feb 13, 2022"
5,"Feb 13, 2022"
5,"Feb 13, 2022"
5,"Feb 12, 2022"
5,"Feb 12, 2022"
4,"Feb 12, 2022"
5,"Feb 12, 2022"
5,"Feb 12, 2022"
5,"Feb 12, 2022"
5,"Feb 12, 2022"
5,"Feb 12, 2022"
5,"Feb 12, 2022"
5,"Feb 12, 2022"
5,"Feb 12, 2022"
5,"Feb 12, 2022"
5,"Feb 12, 2022"
5,"Feb 12, 2022"
5,"Feb 12, 2022"
5,"Feb 12, 2022"
5,"Feb 12, 2022"
4,"Feb 12, 2022"
5,"Feb 12, 2022"
5,"Feb 11, 2022"
5,"Feb 11, 2022"
5,"Feb 11, 2022"
5,"Feb 11, 2022"
5,"Feb 11, 2022"
5,"Feb 11, 2022"
5,"Feb 11, 2022"
5,"Feb 11, 2022"
5,"Feb 11, 2022"
5,"Feb 11, 2022"
5,"Feb 11, 2022"
5,"Feb 11, 2022"
5,"Feb 11, 2022"
1,"Feb 11, 2022"
5,"Feb 11, 2022"
5,"Feb 11, 2022"
5,"Feb 11, 2022"
5,"Feb 11, 2022"
5,"Feb 11, 2022"
5,"Feb 11, 2022"
5,"Feb 11, 2022"
4,"Feb 11, 2022"
5,"Feb 11, 2022"
5,"Feb 11, 2022"
5,"Feb 11, 2022"
5,"Feb 11, 2022"
5,"Feb 10, 2022"
5,"Feb 10, 2022"
5,"Feb 10, 2022"
5,"Feb 10, 2022"
5,"Feb 10, 2022"
1,"Feb 10, 2022"
5,"Feb 10, 2022"
5,"Feb 10, 2022"
5,"Feb 10, 2022"
5,"Feb 10, 2022"
5,"Feb 10, 2022"
5,"Feb 10, 2022"
5,"Feb 10, 2022"
5,"Feb 10, 2022"
5,"Feb 10, 2022"
5,"Feb 10, 2022"
5,"Feb 10, 2022"
5,"Feb 10, 2022"
5,"Feb 10, 2022"
5,"Feb 10, 2022"
5,"Feb 10, 2022"
5,"Feb 10, 2022"
5,"Feb 10, 2022"
4,"Feb 10, 2022"
5,"Feb 10, 2022"
5,"Feb 10, 2022"
5,"Feb 10, 2022"
5,"Feb 10, 2022"
5,"Feb 10, 2022"
5,"Feb 10, 2022"
5,"Feb 10, 2022"
5,"Feb 10, 2022"
5,"Feb 10, 2022"
5,"Feb 10, 2022"
5,"Feb 10, 2022"
5,"Feb 10, 2022"
5,"Feb 10, 2022"
5,"Feb 10, 2022"
5,"Feb 09, 2022"
1,"Feb 09, 2022"
5,"Feb 09, 2022"
5,"Feb 09, 2022"
5,"Feb 09, 2022"
1,"Feb 09, 2022"
5,"Feb 09, 2022"
5,"Feb 09, 2022"
5,"Feb 09, 2022"
5,"Feb 09, 2022"
5,"Feb 09, 2022"
5,"Feb 09, 2022"
5,"Feb 09, 2022"
5,"Feb 09, 2022"
5,"Feb 09, 2022"
5,"Feb 09, 2022"
5,"Feb 09, 2022"
5,"Feb 09, 2022"
5,"Feb 09, 2022"
5,"Feb 09, 2022"
5,"Feb 09, 2022"
4,"Feb 09, 2022"
5,"Feb 09, 2022"
5,"Feb 09, 2022"
5,"Feb 09, 2022"
5,"Feb 09, 2022"
5,"Feb 09, 2022"
5,"Feb 09, 2022"
5,"Feb 09, 2022"
5,"Feb 09, 2022"
5,"Feb 09, 2022"
5,"Feb 09, 2022"
5,"Feb 09, 2022"
5,"Feb 09, 2022"
5,"Feb 09, 2022"
5,"Feb 08, 2022"
5,"Feb 08, 2022"
5,"Feb 08, 2022"
5,"Feb 08, 2022"
5,"Feb 08, 2022"
5,"Feb 08, 2022"
5,"Feb 08, 2022"
5,"Feb 08, 2022"
5,"Feb 08, 2022"
5,"Feb 08, 2022"
5,"Feb 08, 2022"
5,"Feb 08, 2022"
5,"Feb 08, 2022"
5,"Feb 08, 2022"
5,"Feb 08, 2022"
5,"Feb 08, 2022"
5,"Feb 08, 2022"
5,"Feb 08, 2022"
5,"Feb 08, 2022"
5,"Feb 08, 2022"
5,"Feb 08, 2022"
5,"Feb 08, 2022"
5,"Feb 08, 2022"
5,"Feb 08, 2022"
5,"Feb 08, 2022"
5,"Feb 08, 2022"
5,"Feb 08, 2022"
5,"Feb 08, 2022"
5,"Feb 08, 2022"
5,"Feb 08, 2022"
5,"Feb 08, 2022"
5,"Feb 08, 2022"
5,"Feb 08, 2022"
5,"Feb 08, 2022"
5,"Feb 08, 2022"
5,"Feb 08, 2022"
5,"Feb 07, 2022"
5,"Feb 07, 2022"
5,"Feb 07, 2022"
5,"Feb 07, 2022"
5,"Feb 07, 2022"
5,"Feb 07, 2022"
5,"Feb 07, 2022"
5,"Feb 07, 2022"
5,"Feb 07, 2022"
5,"Feb 07, 2022"
5,"Feb 07, 2022"
5,"Feb 07, 2022"
5,"Feb 07, 2022"
5,"Feb 07, 2022"
5,"Feb 07, 2022"
5,"Feb 07, 2022"
5,"Feb 07, 2022"
5,"Feb 07, 2022"
5,"Feb 07, 2022"
5,"Feb 07, 2022"
5,"Feb 07, 2022"
5,"Feb 07, 2022"
5,"Feb 07, 2022"
1,"Feb 07, 2022"
5,"Feb 07, 2022"
5,"Feb 07, 2022"
5,"Feb 06, 2022"
5,"Feb 06, 2022"
5,"Feb 06, 2022"
5,"Feb 06, 2022"
5,"Feb 06, 2022"
5,"Feb 06, 2022"
5,"Feb 06, 2022"
5,"Feb 06, 2022"
5,"Feb 06, 2022"
5,"Feb 06, 2022"
5,"Feb 06, 2022"
5,"Feb 06, 2022"
5,"Feb 06, 2022"
5,"Feb 06, 2022"
5,"Feb 06, 2022"
5,"Feb 06, 2022"
5,"Feb 06, 2022"
5,"Feb 06, 2022"
5,"Feb 05, 2022"
5,"Feb 05, 2022"
5,"Feb 05, 2022"
5,"Feb 05, 2022"
5,"Feb 05, 2022"
5,"Feb 05, 2022"
1,"Feb 05, 2022"
5,"Feb 05, 2022"
5,"Feb 05, 2022"
5,"Feb 05, 2022"
5,"Feb 05, 2022"
5,"Feb 05, 2022"
5,"Feb 05, 2022"
5,"Feb 05, 2022"
5,"Feb 05, 2022"
5,"Feb 05, 2022"
5,"Feb 05, 2022"
5,"Feb 05, 2022"
5,"Feb 05, 2022"
5,"Feb 05, 2022"
5,"Feb 04, 2022"
5,"Feb 04, 2022"
